熱門查詢項目,點擊,曝光,點閱率,排名
playplus,11,77,14.29%,18.13
包租代管系統,4,35,11.43%,14.09
ui ux是什麼,3,652,0.46%,2.42
hirata,3,220,1.36%,8.53
uiux是什麼,2,610,0.33%,2.06
ui/ux是什麼,2,179,1.12%,1.31
喆園,2,169,1.18%,11.34
九宮學理,2,104,1.92%,5.46
404 500,2,48,4.17%,22.04
宏觀美術,1,357,0.28%,8.65
http 200,1,162,0.62%,10.46
史坦賽薾生醫股份有限公司,1,112,0.89%,9.06
會議室預約,1,35,2.86%,3.14
圖片,1,28,4%,21.79
喆園官網,1,25,4.00%,8.16
http code 404,1,17,5.88%,9.06
會議室預約系統,1,17,5.88%,32.29
網頁錯誤代碼,1,14,7.14%,7.86
喆園餐廳訂位,1,9,11.11%,11.22
404 502,1,8,12.50%,6.38
error 301,1,7,14.29%,8.71
台北特色餐廳,1,2,50.00%,6
食安智幫手,1,2,50.00%,8
喆園餐廳台北,1,1,100.00%,2
404,0,5006,0.00%,8.72
http 404,0,209,0%,11.21
301 404,0,155,0.00%,48.94
選擇權搖錢樹,0,147,0.00%,9.01
網頁設計,0,130,0.00%,97.83
數位工具,0,119,0.00%,11.06
史坦賽薾生醫,0,68,0.00%,8.56
uiux,0,63,0.00%,31.37
ui ux 是 什麼,0,60,0.00%,1.18
網站設計,0,59,0%,98.31
ui ux,0,56,0%,41.18
網頁500,0,55,0%,8.85
數位轉型顧問,0,54,0%,26.81
史坦賽薾,0,49,0%,8.18
蘆洲吉園,0,48,0%,8.58
ui ux導向,0,47,0%,7.4
ux,0,41,0%,11.05
404是什麼,0,40,0%,8.95
ui/ux 意思,0,36,0%,1
狀態碼 500,0,36,0%,10.69
史坦賽爾,0,34,0%,7.91
ui ux 意思,0,32,0%,6.69
ui ux 是什麼,0,31,0%,1.71
定錨 訂閱,0,31,0%,7.42
uiux是什么,0,28,0%,3.68
宏觀藝術線上平台,0,28,0%,5.18
食品供應商資訊整合平台,0,28,0%,7.68
404 意思,0,28,0%,47.46
小企業結構轉換,0,27,0%,9.74
宏觀藝術,0,26,0%,10.81
ux ui意思,0,25,0%,1
ui,0,25,0%,3
404意思,0,25,0%,48.4
史坦賽薾生醫ptt,0,24,0%,6.71
這個網頁無法正常運作 www.threads.com 目前無法處理這項要求。 http error 500,0,23,0%,9.48
http status 404,0,23,0%,10.96
ui/ux,0,21,0%,35
ui/ux 是什麼,0,20,0%,2.05
照片,0,20,0%,16.65
400,0,20,0%,17.15
uiux 是什麼,0,19,0%,1.84
404 http,0,19,0%,10.79
play plus,0,17,0%,3.88
j garden taipei,0,17,0%,8.24
404 405,0,16,0%,6.62
蘆洲吉園餐廳,0,16,0%,8.62
optree,0,15,0%,7.6
html 500,0,15,0%,8.33
https 404,0,15,0%,11
404 error,0,15,0%,21.2
uiux 意思,0,14,0%,6.57
喆 園,0,14,0%,9
status 404,0,14,0%,10.29
op tree,0,13,0%,4.08
中興保全組織圖,0,13,0%,10.23
404 code,0,13,0%,10.46
數位 轉型 顧問,0,13,0%,26.92
404 301,0,13,0%,63.08
ui ux意思,0,12,0%,7.08
數位轉型 顧問,0,12,0%,18.92
uiux意思,0,12,0%,30
404 網頁,0,11,0%,22.55
pm 市場驗證 mvp 募資 假門測試,0,11,0%,24.45
網頁製作,0,11,0%,80.55
500 404,0,10,0%,5.4
404 200,0,10,0%,6.7
https 200,0,10,0%,7.7
定錨投資,0,10,0%,8.6
500/400,0,10,0%,8.8
宏觀畫室,0,10,0%,13.3
產業分析網站,0,10,0%,16.4
數位轉型工具,0,10,0%,28
404.html,0,9,0%,8.44
400 404,0,9,0%,9.56
有圖片嗎,0,9,0%,15.56
食品供應商,0,9,0%,24
http 204,0,9,0%,42
404錯誤頁面,0,9,0%,57.67
品牌內容架構,0,9,0%,74
什麼是ui ux,0,8,0%,1
台中景點,0,8,0%,7
http 400 500,0,8,0%,7.25
200 404,0,8,0%,7.62
404,0,8,0%,8.38
401 404,0,8,0%,8.75
404,0,8,0%,9.25
http 404 error,0,8,0%,10.25
喆園訂位,0,8,0%,11.5
定錨產業筆記,0,8,0%,18
影音平台,0,8,0%,88.38
html 200,0,7,0%,5.57
502 404,0,7,0%,6.71
html 404,0,7,0%,7.86
mitsui outlet park 台中港的圖片,0,7,0%,8.43
404 401,0,7,0%,8.57
臺南市美術館 2館 相片,0,7,0%,9
網頁 500,0,7,0%,10.43
環氧乙烷食品,0,7,0%,11.43
此伺服器上找不到請求的url。,0,7,0%,12.57
新北市美術館的圖片,0,7,0%,13.86
ux是什麼,0,7,0%,18
有照片嗎,0,7,0%,26
品牌網站,0,7,0%,43.29
永安海螺文化體驗園區的圖片,0,6,0%,1.67
漸層飲料,0,6,0%,3
error-404,0,6,0%,6.5
code 404,0,6,0%,8.83
200 http,0,6,0%,9
code 200,0,6,0%,10.17
圖,0,6,0%,11.17
httpcode 404,0,6,0%,17.33
mitsui outlet park 台南的圖片,0,6,0%,20.83
環氧乙烷,0,6,0%,44.33
404 html,0,6,0%,47.67
永安漁港的圖片,0,5,0%,3.4
臺南左鎮化石園區的圖片,0,5,0%,3.6
臺中國家歌劇院的圖片,0,5,0%,4
404 505,0,5,0%,5.4
500-204,0,5,0%,5.8
为什么不能报价,0,5,0%,7.4
tzx4,0,5,0%,8.4
吉吉園,0,5,0%,8.4
台南景點,0,5,0%,9.4
臺北流行音樂中心的圖片,0,5,0%,10
http error 404,0,5,0%,11.6
彩虹蛋糕,0,5,0%,14.2
環氧乙烷 食品,0,5,0%,14.2
404 錯誤,0,5,0%,46.8
網站 設計,0,5,0%,81.8
客製化網頁設計,0,5,0%,90.8
使用者體驗,0,4,0%,2.25
ux 是什麼,0,4,0%,3
www.threads.com 目前無法處理這項要求。 http error 500,0,4,0%,3.75
桑葚圖片,0,4,0%,4.25
500-404,0,4,0%,5.75
500 not found,0,4,0%,6
404 504,0,4,0%,6.75
uiyx,0,4,0%,7
http 200 204,0,4,0%,8
200 201,0,4,0%,8.25
web status 200,0,4,0%,9.75
芭樂圖片,0,4,0%,9.75
mitsui outlet park 臺中港 相片,0,4,0%,10
404是什么,0,4,0%,12.5
滷豬腳,0,4,0%,14
數位化流程,0,4,0%,16.25
佐登妮絲城堡 相片,0,4,0%,21.5
喆園餐廳,0,4,0%,25.5
404 頁面,0,4,0%,29.75
購物車網站,0,4,0%,70
流程數位化,0,4,0%,80.25
網頁 設計,0,4,0%,89.25
蝶豆花飲料,0,3,0%,1.67
ui 意思,0,3,0%,3
zepp life garmin connect,0,3,0%,3
ulux,0,3,0%,3.33
zepp life apple watch,0,3,0%,4
喆園餐廳官網,0,3,0%,4
404*2,0,3,0%,6.33
plus play,0,3,0%,6.33
內部系統,0,3,0%,6.33
图片,0,3,0%,6.67
高雄輕軌,0,3,0%,6.67
j garden,0,3,0%,7
500 html,0,3,0%,7.33
403 404 405,0,3,0%,7.67
playplus.com,0,3,0%,8
宏匯廣場的圖片,0,3,0%,8
404?,0,3,0%,8.67
http 400 404,0,3,0%,8.67
史坦賽薾生醫,0,3,0%,9.33
400/500,0,3,0%,9.33
404 503,0,3,0%,9.67
http code 500,0,3,0%,10
佐登妮絲城堡的圖片,0,3,0%,10.67
http-404,0,3,0%,11.33
https error 404,0,3,0%,11.67
特色建築,0,3,0%,12
高雄,0,3,0%,13.67
佐登妮絲城堡,0,3,0%,15.67
外觀,0,3,0%,15.67
error 404,0,3,0%,16.67
臺中國家歌劇院 相片,0,3,0%,17.33
高鐵嘉義站的圖片,0,3,0%,18.33
skm park outlets 高雄草衙的圖片,0,3,0%,19
給我圖片,0,3,0%,19.33
心傳美學,0,3,0%,20.33
新北大都會公園的圖片,0,3,0%,20.67
喆 園 餐廳,0,3,0%,34.67
物業 代 管,0,3,0%,39
麗寶樂園的圖片,0,3,0%,61
網頁制作,0,3,0%,81.67
http 404 错误,0,3,0%,97
http404,0,2,0%,1
ui ux是什么,0,2,0%,1
復興空廚麵包,0,2,0%,1
永安漁港,0,2,0%,1
臺北流行音樂中心 相片,0,2,0%,1
蝶豆花漸層飲料,0,2,0%,1
國立政治大學 相片,0,2,0%,1.5
phlus,0,2,0%,2
j庭,0,2,0%,2.5
宏匯廣場,0,2,0%,4
龍貓隧道,0,2,0%,4
hireta,0,2,0%,4.5
200 300 400 500,0,2,0%,5
500 504,0,2,0%,5
html code 200,0,2,0%,5
uiuxx,0,2,0%,5
台南 市 美術館 二 館的圖片,0,2,0%,5
直接報價,0,2,0%,5
412/500,0,2,0%,5.5
清水模,0,2,0%,5.5
200 html,0,2,0%,6
http:?,0,2,0%,6
台中,0,2,0%,6
300+400+500,0,2,0%,6.5
500 vs 404,0,2,0%,6.5
web error 301,0,2,0%,6.5
園遊會圖片,0,2,0%,6.5
200 204,0,2,0%,7
404 status,0,2,0%,7
國立政治大學的圖片,0,2,0%,7
mvp方案,0,2,0%,7.5
404,0,2,0%,8
http response 404,0,2,0%,8
400-204,0,2,0%,8.5
http 320,0,2,0%,8.5
https status 404,0,2,0%,8.5
server 200,0,2,0%,8.5
/404.html,0,2,0%,9
404/400,0,2,0%,9
500+200+400,0,2,0%,9
500+400,0,2,0%,9.5
1 404,0,2,0%,10
400 403,0,2,0%,10
404 400,0,2,0%,10
500 / 400,0,2,0%,10
http 401 404,0,2,0%,10
哲園餐廳,0,2,0%,10
國立臺南藝術大學 相片,0,2,0%,10
400+500,0,2,0%,10.5
err-404,0,2,0%,10.5
html 204,0,2,0%,10.5
駁二藝術特區,0,2,0%,10.5
#404,0,2,0%,11
200 error,0,2,0%,11
503 404,0,2,0%,11
[404],0,2,0%,11
http status: 404,0,2,0%,11
https://404,0,2,0%,11
httpstatus 200,0,2,0%,11
駁二,0,2,0%,11.5
公仔,0,2,0%,12
台南,0,2,0%,12
會議室預約系統免費,0,2,0%,12
選擇權計算機app,0,2,0%,12
南鯤鯓代天府的圖片,0,2,0%,13
有圖嗎,0,2,0%,13
長怎樣,0,2,0%,13.5
pictures,0,2,0%,15
我要圖片,0,2,0%,15
高雄流行音樂中心,0,2,0%,15.5
開心果冰淇淋,0,2,0%,16
年菜食譜,0,2,0%,16.5
水泥車,0,2,0%,16.5
桑椹圖片,0,2,0%,18
臺南市立圖書館總館的圖片,0,2,0%,18
蝶豆花圖片,0,2,0%,18
不要只看,0,2,0%,19.5
"清水模建築（architectural concrete, fair-faced 
concrete）又稱原始混凝土，是一種追求純粹的建築工法，一般建築工程在灌漿、澆置及硬固等程序之後，會在建築外部進行塗裝、修飾；清水模建築則是在混凝土澆置並完成拆模後，不使用任何貼磚及塗料，直接以混凝土的樣貌呈現，帶出純粹、沈穩、精練的質感，經常用於現代風、工業風及日式禪風等建築風格。 
此清水模建築為以下哪位建築師的建築設計？",0,2,0%,19.5
會議 室 預約 系統,0,2,0%,21
水果茶,0,2,0%,22.5
水星數位,0,2,0%,23
嘉義魚市場股份有限公司的圖片,0,2,0%,23.5
複雜銷售體系建置,0,2,0%,23.5
酥式圈-法式千層甜甜圈｜台中十大伴手禮｜食尚玩家推薦｜台中三井outlet美食｜梧棲甜點伴手禮推薦｜沙鹿甜點｜梧棲童綜合的圖片,0,2,0%,23.5
好,0,2,0%,25.5
國立臺南藝術大學的圖片,0,2,0%,26
玩具,0,2,0%,26
定錨,0,2,0%,31
生日蛋糕圖案,0,2,0%,44
請提供照片,0,2,0%,45.5
plus,0,2,0%,77.5
購物車 網站,0,2,0%,80.5
客 製化 網站 設計,0,2,0%,81.5
客製網頁,0,2,0%,86
行動購物,0,2,0%,87
網站客製,0,2,0%,88.5
電商網站,0,2,0%,94
客製網站,0,2,0%,95
404,0,1,0%,1
bounce 塗鴉,0,1,0%,1
hiarta,0,1,0%,1
play+,0,1,0%,1
playplus logo,0,1,0%,1
playplys,0,1,0%,1
playtaplus,0,1,0%,1
pljus,0,1,0%,1
state 500,0,1,0%,1
ui ux 設計 是 什麼,0,1,0%,1
ux ui 差別,0,1,0%,1
xpark 相片,0,1,0%,1
內部照片,0,1,0%,1
台中圖片,0,1,0%,1
台灣創價學會 創價美術館的圖片,0,1,0%,1
喆園事業股份有限公司,0,1,0%,1
外觀設計,0,1,0%,1
攝影,0,1,0%,1
數位工具是什麼,0,1,0%,1
有沒有照片,0,1,0%,1
混泥土車,0,1,0%,1
清水模建築外觀,0,1,0%,1
相關圖片,0,1,0%,1
神像,0,1,0%,1
給我圖,0,1,0%,1
給我看圖片,0,1,0%,1
萌焙司,0,1,0%,1
請給我照片,0,1,0%,1
附圖片,0,1,0%,1
-68度雪漸層,0,1,0%,2
408 http,0,1,0%,2
aed圖片,0,1,0%,2
http 540,0,1,0%,2
luiux,0,1,0%,2
uutix,0,1,0%,2
ux 意思,0,1,0%,2
台中國家歌劇院,0,1,0%,2
台中特色,0,1,0%,2
台北雪梨灣的圖片,0,1,0%,2
台南特色建築,0,1,0%,2
新竹城隍廟附近美食,0,1,0%,2
新莊,0,1,0%,2
新莊區,0,1,0%,2
有圖片示意嗎,0,1,0%,2
有照片可看嗎,0,1,0%,2
有照片嗎？,0,1,0%,2
神明照片,0,1,0%,2
蝶豆花,0,1,0%,2
輕軌高雄,0,1,0%,2
3d圖,0,1,0%,3
olayplus,0,1,0%,3
ui意思,0,1,0%,3
user experience,0,1,0%,3
ux design,0,1,0%,3
ux software,0,1,0%,3
一盞燈,0,1,0%,3
中島,0,1,0%,3
台中一日遊,0,1,0%,3
台中港,0,1,0%,3
台中特色景點,0,1,0%,3
台南左鎮化石園區,0,1,0%,3
有照片吗,0,1,0%,3
有相片嗎,0,1,0%,3
水果飲料,0,1,0%,3
永安漁港 相片,0,1,0%,3
王建民照片,0,1,0%,3
設計圖,0,1,0%,3
長松天觀,0,1,0%,3
駁二 輕軌,0,1,0%,3
黑色美耐板,0,1,0%,3
500 / 23,0,1,0%,4
http 404 code,0,1,0%,4
台南西市場,0,1,0%,4
城隍廟夜市,0,1,0%,4
年菜佛跳牆,0,1,0%,4
彩虹千層蛋糕,0,1,0%,4
臺中景點,0,1,0%,4
豪宅浴室設計,0,1,0%,4
輕軌圖片,0,1,0%,4
需要圖解,0,1,0%,4
高雄輕軌綠色隧道,0,1,0%,4
401 500,0,1,0%,5
404!,0,1,0%,5
404-error,0,1,0%,5
http error 301,0,1,0%,5
ui coffee,0,1,0%,5
五府千歲照片,0,1,0%,5
博物館,0,1,0%,5
台南觀光,0,1,0%,5
年夜菜圖片,0,1,0%,5
意象圖,0,1,0%,5
有圖片？,0,1,0%,5
棒球圖片,0,1,0%,5
火鍋 圖片,0,1,0%,5
相片,0,1,0%,5
真愛碼頭站的圖片,0,1,0%,5
福懋興業股份有限公司 相片,0,1,0%,5
臺中國家歌劇院,0,1,0%,5
臺灣特色建築,0,1,0%,5
這個,0,1,0%,5
過年菜,0,1,0%,5
404 410,0,1,0%,6
-404,0,1,0%,6
500-412,0,1,0%,6
eror 404,0,1,0%,6
harreta,0,1,0%,6
hetata,0,1,0%,6
server response 404,0,1,0%,6
walki,0,1,0%,6
xpark的評論,0,1,0%,6
充電棧早午餐的圖片,0,1,0%,6
台中 推薦,0,1,0%,6
台中歌劇院,0,1,0%,6
台中海線,0,1,0%,6
台北雪梨灣,0,1,0%,6
台南景點推薦,0,1,0%,6
台南有什麼好玩的？,0,1,0%,6
台灣特色建築,0,1,0%,6
喝酒畫畫,0,1,0%,6
嘉義朝天宮的圖片,0,1,0%,6
懶人辦公官網,0,1,0%,6
甜甜,0,1,0%,6
相關照片,0,1,0%,6
綺麗なやつ,0,1,0%,6
美術館,0,1,0%,6
蝶豆花漸層汽水,0,1,0%,6
這個網頁無法正常運作,0,1,0%,6
遊戲區,0,1,0%,6
/404,0,1,0%,7
201 200,0,1,0%,7
204/400,0,1,0%,7
404 f,0,1,0%,7
404 vs 500,0,1,0%,7
404error code,0,1,0%,7
500+400+400,0,1,0%,7
500-307,0,1,0%,7
504 404,0,1,0%,7
httpstatuscode 404,0,1,0%,7
pluys,0,1,0%,7
status=404,0,1,0%,7
tsn login,0,1,0%,7
喆園餐廳的評論,0,1,0%,7
我想看,0,1,0%,7
星翰科技,0,1,0%,7
李惠恂,0,1,0%,7
400+300+500,0,1,0%,8
404 500 error codes,0,1,0%,8
500.html,0,1,0%,8
502/500,0,1,0%,8
hriata,0,1,0%,8
http://23,0,1,0%,8
https code 500,0,1,0%,8
web code 301,0,1,0%,8
为什么无法报价,0,1,0%,8
介壽廣場的圖片,0,1,0%,8
伊東豊雄設計的建築,0,1,0%,8
喆園禮盒,0,1,0%,8
國產,0,1,0%,8
梧棲,0,1,0%,8
特色,0,1,0%,8
高雄 輕軌,0,1,0%,8
0.404,0,1,0%,9
200 code,0,1,0%,9
200/204,0,1,0%,9
402/500,0,1,0%,9
404.6,0,1,0%,9
500 + 400,0,1,0%,9
506:40:00,0,1,0%,9
can you give me the pictures,0,1,0%,9
http_404,0,1,0%,9
pilplus,0,1,0%,9
statuscode 404,0,1,0%,9
南港,0,1,0%,9
台南美術館二館,0,1,0%,9
宏匯廣場 相片,0,1,0%,9
我要看照片,0,1,0%,9
是,0,1,0%,9
有圖片可以參考嗎,0,1,0%,9
給圖片,0,1,0%,9
臺南左鎮化石園區 相片,0,1,0%,9
豬腳圖片,0,1,0%,9
豬腳食譜,0,1,0%,9
防盜鐵門,0,1,0%,9
雲林高鐵站,0,1,0%,9
200/440,0,1,0%,10
400 * 500,0,1,0%,10
400 500,0,1,0%,10
400+200+500,0,1,0%,10
401/404,0,1,0%,10
404,0,1,0%,10
404 404,0,1,0%,10
404],0,1,0%,10
500 200,0,1,0%,10
500 400,0,1,0%,10
httpstatus 404,0,1,0%,10
oops 404,0,1,0%,10
status 200,0,1,0%,10
status404,0,1,0%,10
statuscode: 404,0,1,0%,10
ttp 404,0,1,0%,10
南瀛天文館的圖片,0,1,0%,10
南美館,0,1,0%,10
友愛街民宿,0,1,0%,10
台中看海,0,1,0%,10
台南圖片,0,1,0%,10
嘉義秀泰影城的圖片,0,1,0%,10
大掃除圖片,0,1,0%,10
監視器螢幕,0,1,0%,10
秋季,0,1,0%,10
網頁錯誤,0,1,0%,10
高流,0,1,0%,10
高雄國家體育場的圖片,0,1,0%,10
-404,0,1,0%,11
400 html,0,1,0%,11
400%,0,1,0%,11
401-500,0,1,0%,11
404 errer,0,1,0%,11
404 http code,0,1,0%,11
404http,0,1,0%,11
500-400,0,1,0%,11
500-401,0,1,0%,11
502 vs 404,0,1,0%,11
200000,0,1,0%,11
err 404,0,1,0%,11
error 200,0,1,0%,11
error 200 http error,0,1,0%,11
harineta,0,1,0%,11
http 440,0,1,0%,11
http status 404 -,0,1,0%,11
http: 200,0,1,0%,11
owux,0,1,0%,11
studio a 美麗華 相片,0,1,0%,11
zhe yuan restaurant,0,1,0%,11
台北特殊建築,0,1,0%,11
吉吉園餐廳,0,1,0%,11
小家庭,0,1,0%,11
开心果冰淇淋,0,1,0%,11
湖岸風情,0,1,0%,11
狀態碼500,0,1,0%,11
超秦集團桃園總公司 相片,0,1,0%,11
高級果乾禮盒,0,1,0%,11
2日遊,0,1,0%,12
400*500,0,1,0%,12
400-500,0,1,0%,12
404 erro,0,1,0%,12
404 web,0,1,0%,12
contoh gambarnya,0,1,0%,12
html 400,0,1,0%,12
html error code 404,0,1,0%,12
http 4040,0,1,0%,12
http 404:,0,1,0%,12
http 500,0,1,0%,12
http error 404.,0,1,0%,12
http error404,0,1,0%,12
http status 500,0,1,0%,12
or 404,0,1,0%,12
plrus,0,1,0%,12
status 500,0,1,0%,12
status_code 200,0,1,0%,12
中保集團,0,1,0%,12
新北市美術館 相片,0,1,0%,12
網頁404,0,1,0%,12
請提供圖片,0,1,0%,12
電子門,0,1,0%,12
404 err,0,1,0%,13
作用,0,1,0%,13
建築外觀,0,1,0%,13
房子外觀設計,0,1,0%,13
搬家,0,1,0%,13
松山 機場 觀 景 台的圖片,0,1,0%,13
桃園 海邊,0,1,0%,13
桑椹,0,1,0%,13
淡藍飲料,0,1,0%,13
竹東夜市,0,1,0%,13
网页404是什么意思,0,1,0%,13
裡面長怎樣,0,1,0%,13
台中室內,0,1,0%,14
台南旅遊景點,0,1,0%,14
地瓜葉圖片,0,1,0%,14
手機 圖片,0,1,0%,14
桃園附近景點,0,1,0%,14
海音館的圖片,0,1,0%,14
軟體園區,0,1,0%,14
遙控燈掣,0,1,0%,14
北港武德宮的圖片,0,1,0%,15
台北,0,1,0%,15
吳府千歲神像,0,1,0%,15
嘉義voco,0,1,0%,15
樹林 生命 紀念館的圖片,0,1,0%,15
番石榴圖片,0,1,0%,15
臺中中央公園 相片,0,1,0%,15
附上照片,0,1,0%,15
高鐵桃園站,0,1,0%,15
高雄好玩地點,0,1,0%,15
佛跳牆圖片,0,1,0%,16
台中美景,0,1,0%,16
台北約會,0,1,0%,16
台南 博物館,0,1,0%,16
喆園餐廳菜單2025,0,1,0%,16
定錨筆記,0,1,0%,16
數位 轉型 工具,0,1,0%,16
ảnh cty,0,1,0%,17
台北網美景點,0,1,0%,17
吸頂燈,0,1,0%,17
女鬼圖,0,1,0%,17
居家清潔,0,1,0%,17
新光 三越 臺南 新天地的圖片,0,1,0%,17
炙燒,0,1,0%,17
百城機械企業股份有限公司的圖片,0,1,0%,17
背部按摩器推薦,0,1,0%,17
佐登尼斯堡,0,1,0%,18
可以附上照片嗎,0,1,0%,18
東石 先 天宮的圖片,0,1,0%,18
桃園景點,0,1,0%,18
海賊王公仔,0,1,0%,18
猛男圖,0,1,0%,18
g-040w-q,0,1,0%,19
公仔照片,0,1,0%,19
南瀛天文館,0,1,0%,19
台中港夕陽,0,1,0%,19
喆園菜單2025,0,1,0%,19
大林城堡,0,1,0%,19
有照片可以參考嗎？,0,1,0%,19
這是什麼app,0,1,0%,19
404 ipc,0,1,0%,20
公仔娃娃,0,1,0%,20
午安圖,0,1,0%,20
台中好玩,0,1,0%,20
台南圖書館,0,1,0%,20
坍流度試驗,0,1,0%,20
定錨產業筆記評價,0,1,0%,20
康寧大學 相片,0,1,0%,20
廟圖片,0,1,0%,20
德國料理,0,1,0%,20
施工照片,0,1,0%,20
桃園x park,0,1,0%,20
水果慕斯,0,1,0%,20
釜山兒童博物館,0,1,0%,20
amway experience center taichung 安 麗 台中 體驗 中心的圖片,0,1,0%,21
他們的圖片,0,1,0%,21
台中港照片,0,1,0%,21
泡泡浴,0,1,0%,21
海賊王 公仔,0,1,0%,21
海陸海鮮的圖片,0,1,0%,21
炸物拼盤,0,1,0%,21
航海王公仔,0,1,0%,21
蛋糕捲,0,1,0%,21
風景照,0,1,0%,21
魯夫公仔,0,1,0%,21
mitsui outlet park 台南 相片,0,1,0%,22
中部景點一日遊,0,1,0%,22
千層餅乾,0,1,0%,22
台南中西區,0,1,0%,22
安南館的圖片,0,1,0%,22
寂園 相片,0,1,0%,22
摩天輪圖片,0,1,0%,22
有圖片嗎？,0,1,0%,22
豬腳照片,0,1,0%,22
中部,0,1,0%,23
作文,0,1,0%,23
可以幫我找圖片嗎,0,1,0%,23
吧檯設計,0,1,0%,23
新竹,0,1,0%,23
新竹特色景點,0,1,0%,23
朗讀比賽服裝,0,1,0%,23
蔥麵包,0,1,0%,23
高雄景點,0,1,0%,23
可頌冰淇淋,0,1,0%,24
台南西門新光影城的圖片,0,1,0%,24
喜 拉 朵 複合 式 早餐的圖片,0,1,0%,24
廚房設備,0,1,0%,24
環氧乙烷危害,0,1,0%,24
長什麼樣子,0,1,0%,24
光榮碼頭,0,1,0%,25
嘉義三大城堡,0,1,0%,25
家常便飯菜單,0,1,0%,25
桃園景點推薦,0,1,0%,25
透天廚房中島,0,1,0%,25
studio a 相片,0,1,0%,26
南山人壽保險 相片,0,1,0%,26
桑葚图片,0,1,0%,26
笠毅工業股份有限公司的圖片,0,1,0%,26
404錯誤,0,1,0%,27
南紡購物中心的圖片,0,1,0%,27
台南行程,0,1,0%,27
年菜吃什麼,0,1,0%,27
佛跳牆製作,0,1,0%,28
切片,0,1,0%,28
廠房外觀設計,0,1,0%,28
復興排骨便當的圖片,0,1,0%,28
新北市立美術館,0,1,0%,28
會議預約系統,0,1,0%,28
流理台顏色,0,1,0%,28
粉紅色飲料,0,1,0%,28
台中中央公園的圖片,0,1,0%,29
定錨站長,0,1,0%,29
我要照片,0,1,0%,29
推薦觀光工廠,0,1,0%,29
最美圖書館,0,1,0%,29
五星主廚快餐車,0,1,0%,30
台中 代 天 五 王府的圖片,0,1,0%,30
尋找供應商,0,1,0%,30
聚樹國際有限公司dcard,0,1,0%,30
豐原廟東夜市 相片,0,1,0%,30
豬蹄膀料理,0,1,0%,30
高雄流行音樂中心 音浪塔的圖片,0,1,0%,30
html 404 error,0,1,0%,31
可以給我圖片嗎,0,1,0%,31
台灣街頭塗鴉,0,1,0%,32
廚房用品,0,1,0%,32
图,0,1,0%,33
中保無限,0,1,0%,34
喆 園 餐廳的評論,0,1,0%,34
系統廚具,0,1,0%,36
腎臟 醫學 會,0,1,0%,37
plus 網站,0,1,0%,39
組屋網站,0,1,0%,39
請給照片,0,1,0%,40
有相關照片嗎,0,1,0%,41
http codes 404,0,1,0%,42
房子圖片,0,1,0%,44
房屋管家,0,1,0%,44
數位轉型 步驟,0,1,0%,46
tsn,0,1,0%,47
按鍵密碼鎖,0,1,0%,48
賃貸物件,0,1,0%,48
提供圖片,0,1,0%,49
pluss,0,1,0%,50
社區圖片,0,1,0%,52
http 404 page,0,1,0%,53
外觀照片,0,1,0%,53
幫我找圖片,0,1,0%,53
水泥攪拌機,0,1,0%,54
line 機器人,0,1,0%,57
廟宇圖片,0,1,0%,58
會議室系統,0,1,0%,59
請用圖片表示,0,1,0%,63
聊天服務,0,1,0%,66
404 not found 意思,0,1,0%,69
我要圖,0,1,0%,73
官網設計,0,1,0%,77
官網製作,0,1,0%,84
購物型網站,0,1,0%,86
數位轉型步驟,0,1,0%,89
購物網站,0,1,0%,92
会议室预约系统,0,1,0%,93
報價,0,1,0%,94
網頁 製作,0,1,0%,94
客 製 網站,0,1,0%,96
客製化網站設計,0,1,0%,96
接班人計畫 數位工具,0,1,0%,98
状态码200,0,1,0%,100
網址設計,0,1,0%,100
網站制作,0,1,0%,100
網路購物平台,0,1,0%,100